,SiO2,B2O3,Al2O3,MgO,CaO,BaO,Li2O,Na2O,K2O,ZnO,SrO,PbO,Fe2O3,Y2O3,La2O3,TiO2,GeO2,ZrO2,P2O5,V2O5
,0.534,0,0.0213,0.0275,0.0351,0,0,0.187,0.0048,0.0944,0,0,0,0,0,0.0959,0,0,0,0
,0.5000000987208114,0.0,2.8686884082878488e-15,9.238594592612058e-48,5.160295415967724e-22,0.0,0.0,0.2241234114740886,0.1893710238100706,0.0865054659950265,0.0,0.0,0.0,0.0,0.0,5.249070321017476e-21,0.0,0.0,0.0,0.0
,0.5000000642349522,0.0,8.365901826849477e-07,0.0761587492670385,5.727417226238502e-20,0.0,0.0,0.2613664552320412,0.1616363823601436,0.0003555925267795,0.0,0.0,0.0,0.0,0.0,0.0004819197888621,0.0,0.0,0.0,0.0
,0.5000017725107511,0.0,0.0003052012611795,0.099632658220455,0.0084745901573493,0.0,0.0,0.1953525437489577,0.1849769704411185,0.0050256056437485,0.0,0.0,0.0,0.0,0.0,0.0062306580164402,0.0,0.0,0.0,0.0

,1,0,0,0,0,0,0,0,0,0,0,0,0,0,0,0,0,0,0,0